{
  "posts": [
    {
      "title": "aergaewrstbwastr",
      "views": "9999",
      "id": "71a7"
    },
    {
      "title": "qargqwr",
      "views": "55555",
      "id": "1a07"
    },
    {
      "id": "083a",
      "title": "qargqwr",
      "views": "132433"
    },
    {
      "id": "06c7",
      "title": "qargqwr",
      "views": "132433"
    },
    {
      "id": "661f",
      "title": "qargqwr",
      "views": "132433"
    },
    {
      "id": "5740",
      "title": "harry poter",
      "views": "999"
    },
    {
      "id": "6d64",
      "title": "areargarg",
      "views": "44444"
    }
  ],
  "comments": [
    {
      "id": "1",
      "text": "a comment about post 1",
      "postId": null
    },
    {
      "id": "2",
      "text": "another comment about post 1",
      "postId": null
    }
  ],
  "profile": {
    "name": "typicode"
  }
}